{"-768": 6447.216620105581, "-756": 6452.773965134067, "-748": 6453.968657449659, "-744": 6457.5279148840345, "-740": 6455.501802153245, "-736": 6459.498058346333, "-732": 6462.028374441434, "-728": 6461.372733879049, "-724": 6464.287720553053, "-720": 6466.2381314940285, "-716": 6466.235668389723, "-712": 6468.655595899138, "-708": 6470.138449673919, "-704": 6470.988483699795, "-700": 6472.714664176441, "-696": 6473.973264539833, "-692": 6475.085063379316, "-688": 6476.745783938444, "-684": 6477.966045130597, "-680": 6479.224695491503, "-676": 6480.614294080675, "-672": 6481.695199408394, "-668": 6483.130759118707, "-664": 6484.494905504616, "-660": 6485.606350498667, "-656": 6486.928399232798, "-652": 6488.052829124834, "-648": 6489.331176974942, "-644": 6490.588380174129, "-640": 6491.807911854863, "-636": 6493.038651231604, "-632": 6494.207784516751, "-628": 6495.36825013184, "-624": 6496.595480823962, "-620": 6497.709353098719, "-616": 6498.916958528134, "-612": 6500.127300062131, "-608": 6501.183873659502, "-604": 6502.411370343003, "-600": 6503.552821345716, "-596": 6504.7516749373335, "-592": 6505.858903556746, "-588": 6506.958010730494, "-584": 6508.0789853025235, "-580": 6509.267908183527, "-576": 6510.319813490372, "-572": 6511.442570211493, "-568": 6512.578661697475, "-564": 6513.713121623001, "-560": 6514.8359791113435, "-556": 6515.986220421182, "-552": 6517.055119040337, "-548": 6518.1156517732015, "-544": 6519.206179842115, "-540": 6520.322907426753, "-536": 6521.32126982121, "-532": 6522.436693709022, "-528": 6523.533962950165, "-524": 6524.603196731261, "-520": 6525.697904315208, "-516": 6526.752181349744, "-512": 6527.798823927556, "-508": 6528.870270791227, "-504": 6529.910280763401, "-500": 6530.937205555931, "-496": 6532.061651740996, "-492": 6533.082853266467, "-488": 6534.117778649816, "-484": 6535.185441845877, "-480": 6536.180047605178, "-476": 6537.284520347053, "-472": 6538.342741862092, "-468": 6539.339548776614, "-464": 6540.409674737675, "-460": 6541.437222574799, "-456": 6542.443395661567, "-452": 6543.556340400144, "-448": 6544.51954746091, "-444": 6545.570161137266, "-440": 6546.594817779498, "-436": 6547.649255515971, "-432": 6548.733071566465, "-428": 6549.754611884471, "-424": 6550.760977503594, "-420": 6551.806607128103, "-416": 6552.771103692594, "-412": 6553.893419298265, "-408": 6554.865776168472, "-404": 6555.9288110439575, "-400": 6556.878625674624, "-396": 6557.896397244776, "-392": 6558.929247815251, "-388": 6559.889694680052, "-384": 6560.901203859399, "-380": 6561.933825350927, "-376": 6562.924905325661, "-372": 6563.864490829843, "-368": 6564.817613389776, "-364": 6565.770729589192, "-360": 6566.748210459868, "-356": 6567.688088338016, "-352": 6568.630671400022, "-348": 6569.6272977202625, "-344": 6570.625249377221, "-340": 6571.547630709496, "-336": 6572.4435559388385, "-332": 6573.405817122506, "-328": 6574.340678042756, "-324": 6575.312333376523, "-320": 6576.222519720921, "-316": 6577.144442333043, "-312": 6578.127962861754, "-308": 6578.946654181151, "-304": 6579.9162921475945, "-300": 6580.837531962481, "-296": 6581.678522075683, "-292": 6582.532357522761, "-288": 6583.391775924012, "-284": 6584.236826873808, "-280": 6585.109908742355, "-276": 6585.899370387759, "-272": 6586.749884912884, "-268": 6587.605091571515, "-264": 6588.464835503486, "-260": 6589.276344056618, "-256": 6590.081639807928, "-252": 6590.870379680771, "-248": 6591.688244420111, "-244": 6592.432215023258, "-240": 6593.210573113165, "-236": 6593.97125174191, "-232": 6594.760555140876, "-228": 6595.53709418859, "-224": 6596.32157028463, "-220": 6597.060460006589, "-216": 6597.799331898772, "-212": 6598.5403113917855, "-208": 6599.224253299972, "-204": 6599.95142878005, "-200": 6600.66706062175, "-196": 6601.347785312177, "-192": 6602.062025730744, "-188": 6602.716628820628, "-184": 6603.426691545352, "-180": 6604.076296167363, "-176": 6604.732920631253, "-172": 6605.392923645346, "-168": 6606.003524641645, "-164": 6606.6391192575775, "-160": 6607.213419180822, "-156": 6607.856359875226, "-152": 6608.409630897939, "-148": 6608.972980327662, "-144": 6609.521621553931, "-140": 6610.032403674915, "-136": 6610.549888236019, "-132": 6611.065817327271, "-128": 6611.604433747405, "-124": 6612.112421347158, "-120": 6612.611878540487, "-116": 6613.072440581318, "-112": 6613.5305056235775, "-108": 6613.949578035508, "-104": 6614.392366942331, "-100": 6614.827081252277, "-96": 6615.220386165949, "-92": 6615.641465836221, "-88": 6616.017742339787, "-84": 6616.431689411018, "-80": 6616.779021053746, "-76": 6617.1293988773505, "-72": 6617.473342073579, "-68": 6617.831361087914, "-64": 6618.163313160645, "-60": 6618.453816471174, "-56": 6618.71433104626, "-52": 6618.969168387441, "-48": 6619.212181808944, "-44": 6619.380907876737, "-40": 6619.5945537526095, "-36": 6619.786016278014, "-32": 6619.940267250096, "-28": 6620.07829599684, "-24": 6620.2266105785875, "-20": 6620.32829146205, "-16": 6620.43152164508, "-12": 6620.518704125725, "-8": 6620.558836904327, "-4": 6620.605277232355, "0": 6620.60500680117, "4": 6620.60265999767, "8": 6620.589148815308, "12": 6620.522291360814, "16": 6620.475318465613, "20": 6620.4195116400515, "24": 6620.292268940086, "28": 6620.157817295585, "32": 6620.037707323456, "36": 6619.854900765302, "40": 6619.644784974696, "44": 6619.427454532159, "48": 6619.153973620156, "52": 6618.87022777369, "56": 6618.528516545515, "60": 6618.199427681435, "64": 6617.802651864147, "68": 6617.387090314831, "72": 6616.953343544108, "76": 6616.4703870423855, "80": 6615.96836436513, "84": 6615.439111929503, "88": 6614.850127529282, "92": 6614.231760166269, "96": 6613.622621610966, "100": 6612.921283816588, "104": 6612.178987929974, "108": 6611.3809823985885, "112": 6610.535211397204, "116": 6609.687245254538, "120": 6608.858621986636, "124": 6607.926027835747, "128": 6606.935751424317, "132": 6605.9201506683785, "136": 6604.920163399222, "140": 6603.847351324603, "144": 6602.68961070052, "148": 6601.520835757141, "152": 6600.208055688712, "156": 6598.84710769332, "160": 6597.46556877938, "164": 6596.061983675718, "168": 6594.585383311291, "172": 6593.024333479389, "176": 6591.335101494396, "180": 6589.529631638752, "184": 6587.7181074827895, "188": 6585.735350795503, "192": 6583.684580017425, "196": 6581.43310392644, "200": 6579.235546176926, "204": 6576.876769532646, "208": 6574.356991352794, "212": 6571.780440128283, "216": 6569.143078473766, "220": 6566.328849811844, "224": 6563.262307863844, "228": 6559.999980615907, "232": 6556.7540468716725, "236": 6553.2663497824215, "240": 6549.3292021882135, "244": 6544.9356317991915, "248": 6539.34217637682, "252": 6533.543147026352, "256": 6526.8640071383725}